Date,Price,Volume
2017-07-07,3.864,76
2017-07-08,3.85,210
2017-07-09,3.891,106
2017-07-10,3.928,115
2017-07-11,3.803,113
2017-07-12,3.858,100
2017-07-13,3.951,84
2017-07-14,4.003,133
2017-07-15,3.992,108
2017-07-16,3.728,105
2017-07-17,3.48,71
2017-07-18,3.672,52
2017-07-19,3.085,267
2017-07-20,0.967,6588
2017-07-21,1.188,2224
2017-07-22,1.176,2005
2017-07-23,1.05,10807
2017-07-24,1.014,3135
2017-07-25,1.048,1880
2017-07-26,1.087,1323
2017-07-27,1.086,1092
2017-07-28,1.07,958
2017-07-29,1.093,930
2017-07-30,1.086,719
2017-07-31,1.067,876
2017-08-01,1.085,1002
2017-08-02,1.052,587
2017-08-03,1.026,735
2017-08-04,0.989,716
2017-08-05,1.006,673
2017-08-06,0.981,653
2017-08-07,0.986,715
2017-08-08,1.001,589
2017-08-09,1.016,664
2017-08-10,1.029,735
2017-08-11,0.993,614
2017-08-12,1.014,614
2017-08-13,1.022,644
2017-08-14,1.053,580
2017-08-15,1.026,506
2017-08-16,1.02,554
2017-08-17,1.029,633
2017-08-18,1.088,598
2017-08-19,1.131,462
2017-08-20,1.102,417
2017-08-21,1.128,426
2017-08-22,1.132,494
2017-08-23,1.132,372
2017-08-24,1.138,368
2017-08-25,1.164,338
2017-08-26,1.169,428
2017-08-27,1.168,330
2017-08-28,1.169,372
2017-08-29,1.161,346
2017-08-30,1.199,478
2017-08-31,1.202,371
2017-09-01,1.234,318
2017-09-02,1.192,418
2017-09-03,1.24,329
2017-09-04,1.219,288
2017-09-05,1.23,329
2017-09-06,1.248,253
2017-09-07,1.24,279
2017-09-08,1.279,328
2017-09-09,1.273,400
2017-09-10,1.231,365
2017-09-11,1.241,291
2017-09-12,1.262,265
2017-09-13,1.271,313
2017-09-14,1.29,221
2017-09-15,1.277,333
2017-09-16,1.294,382
2017-09-17,1.279,386
2017-09-18,1.277,355
2017-09-19,1.262,315
2017-09-20,1.277,300
2017-09-21,1.273,373
2017-09-22,1.255,355
2017-09-23,1.237,424
2017-09-24,1.236,344
2017-09-25,1.273,310
2017-09-26,1.237,342
2017-09-27,1.203,271
2017-09-28,1.201,299
2017-09-29,1.195,284
2017-09-30,1.209,326
2017-10-01,1.216,269
2017-10-02,1.182,224
2017-10-03,1.205,215
2017-10-04,1.232,233
2017-10-05,1.226,220
2017-10-06,1.234,344
2017-10-07,1.233,312
2017-10-08,1.226,265
2017-10-09,1.227,227
2017-10-10,1.243,192
2017-10-11,1.277,216
2017-10-12,1.257,231
2017-10-13,1.277,218
2017-10-14,1.271,227
2017-10-15,1.3,237
2017-10-16,1.294,258
2017-10-17,1.297,200
2017-10-18,1.281,164
2017-10-19,1.261,282
2017-10-20,1.273,250
2017-10-21,1.265,251
2017-10-22,1.225,264
2017-10-23,1.269,249
2017-10-24,1.252,230
2017-10-25,1.234,191
2017-10-26,1.172,241
2017-10-27,1.133,293
2017-10-28,1.174,278
2017-10-29,1.164,218
2017-10-30,1.178,244
2017-10-31,1.185,221
2017-11-01,1.202,180
2017-11-02,1.218,279
2017-11-03,1.228,231
2017-11-04,1.17,255
2017-11-05,1.171,231
2017-11-06,1.176,190
2017-11-07,1.162,234
2017-11-08,1.189,180
2017-11-09,1.15,152
2017-11-10,1.166,201
2017-11-11,1.165,247
2017-11-12,1.169,223
2017-11-13,1.166,213
2017-11-14,1.139,252
2017-11-15,1.132,200
2017-11-16,1.134,191
2017-11-17,1.112,310
2017-11-18,1.135,305
2017-11-19,1.148,279
2017-11-20,1.138,193
2017-11-21,1.141,217
2017-11-22,1.138,150
2017-11-23,1.08,205
2017-11-24,1.123,234
2017-11-25,1.155,182
2017-11-26,1.14,192
2017-11-27,1.136,174
2017-11-28,1.168,211
2017-11-29,1.15,167
2017-11-30,1.186,213
2017-12-01,1.197,159
2017-12-02,1.192,199
2017-12-03,1.202,238
2017-12-04,1.217,297
2017-12-05,1.183,200
2017-12-06,1.178,207
2017-12-07,1.167,210
2017-12-08,1.173,228
2017-12-09,1.13,293
2017-12-10,1.125,395
2017-12-11,1.122,271
2017-12-12,1.122,251
2017-12-13,1.123,287
2017-12-14,1.084,246
2017-12-15,1.106,302
2017-12-16,1.04,380
2017-12-17,1.055,308
2017-12-18,1.068,252
2017-12-19,1.075,305
2017-12-20,1.042,249
2017-12-21,0.998,238
2017-12-22,0.98,268
2017-12-23,1.001,299
2017-12-24,0.97,311
2017-12-25,0.95,343
2017-12-26,0.961,293
2017-12-27,1.04,259
2017-12-28,1.031,260
2017-12-29,1.056,293
2017-12-30,1.105,234
2017-12-31,1.173,235
2018-01-01,1.165,203
2018-01-02,1.18,247
2018-01-03,1.169,235
2018-01-04,1.096,230
2018-01-05,1.084,293
2018-01-06,1.097,260
2018-01-07,1.099,299
2018-01-08,1.096,254
2018-01-09,1.098,315
2018-01-10,1.09,197
2018-01-11,1.04,320
2018-01-12,1.053,332
2018-01-13,1.045,394
2018-01-14,1.047,361
2018-01-15,1.078,403
2018-01-16,1.101,325
2018-01-17,1.088,261
2018-01-18,1.135,269
2018-01-19,1.153,250
2018-01-20,1.166,301
2018-01-21,1.235,256
2018-01-22,1.224,276
2018-01-23,1.242,222
2018-01-24,1.221,219
2018-01-25,1.247,240
2018-01-26,1.204,236
2018-01-27,1.07,176
2018-01-28,1.075,157
2018-01-29,0.988,149
2018-01-30,1.056,121
2018-01-31,1.068,165
2018-02-01,1.012,79
2018-02-02,1.032,86
2018-02-03,1.058,139
2018-02-04,1.018,92
2018-02-05,1.019,110
2018-02-06,1.06,79
2018-02-07,0.972,52
2018-02-08,1.084,41
2018-02-09,1.083,83
2018-02-10,1.054,82
2018-02-11,1.085,78
2018-02-12,1.087,59
2018-02-13,1.123,57
2018-02-14,1.157,51
2018-02-15,1.138,58
2018-02-16,1.143,78
2018-02-17,1.148,101
2018-02-18,1.123,109
2018-02-19,1.142,86
2018-02-20,1.164,104
2018-02-21,1.183,95
2018-02-22,1.189,89
2018-02-23,1.21,97
2018-02-24,1.177,141
2018-02-25,1.205,154
2018-02-26,1.222,142
2018-02-27,1.257,147
2018-02-28,1.28,86
2018-03-01,1.248,83
2018-03-02,1.257,100
2018-03-03,1.266,135
2018-03-04,1.285,78
2018-03-05,1.308,87
2018-03-06,1.296,76
2018-03-07,1.331,110
2018-03-08,1.336,96
2018-03-09,1.312,101
2018-03-10,1.312,100
2018-03-11,1.323,106
2018-03-12,1.262,97
2018-03-13,1.318,79
2018-03-14,1.291,93
2018-03-15,1.285,81
2018-03-16,1.322,111
2018-03-17,1.332,142
2018-03-18,1.337,96
2018-03-19,1.355,56
2018-03-20,1.299,52
2018-03-21,1.36,63
2018-03-22,1.368,60
2018-03-23,1.354,91
2018-03-24,1.364,87
2018-03-25,1.382,61
2018-03-26,1.346,81
2018-03-27,1.354,76
2018-03-28,1.305,68
2018-03-29,1.356,84
2018-03-30,1.259,121
2018-03-31,1.329,74
2018-04-01,1.38,72
2018-04-02,1.34,134
2018-04-03,1.386,104
2018-04-04,1.397,88
2018-04-05,1.424,110
2018-04-06,1.434,113
2018-04-07,1.448,118
2018-04-08,1.406,100
2018-04-09,1.424,96
2018-04-10,1.385,66
2018-04-11,1.39,68
2018-04-12,1.383,75
2018-04-13,1.413,83
2018-04-14,1.461,104
2018-04-15,1.437,75
2018-04-16,1.513,82
2018-04-17,1.519,60
2018-04-18,1.55,62
2018-04-19,1.554,60
2018-04-20,1.539,69
2018-04-21,1.528,81
2018-04-22,1.521,82
2018-04-23,1.526,103
2018-04-24,1.552,118
2018-04-25,1.628,107
2018-04-26,1.611,68
2018-04-27,1.626,71
2018-04-28,1.618,99
2018-04-29,1.615,149
2018-04-30,1.614,125
2018-05-01,1.629,139
2018-05-02,1.636,122
2018-05-03,1.668,98
2018-05-04,1.682,96
2018-05-05,1.681,84
2018-05-06,1.678,96
2018-05-07,1.685,81
2018-05-08,1.671,76
2018-05-09,1.588,52
2018-05-10,1.603,75
2018-05-11,1.662,54
2018-05-12,1.694,86
2018-05-13,1.723,57
2018-05-14,1.768,45
2018-05-15,1.767,38
2018-05-16,1.699,58
2018-05-17,1.697,49
2018-05-18,1.753,79
2018-05-19,1.673,56
2018-05-20,1.699,73
2018-05-21,1.602,45
2018-05-22,1.664,137
2018-05-23,1.636,69
2018-05-24,1.734,57
2018-05-25,1.737,58
2018-05-26,1.741,63
2018-05-27,1.688,57
2018-05-28,1.791,52
2018-05-29,1.768,46
2018-05-30,1.681,48
2018-05-31,1.69,86
2018-06-01,1.717,60
2018-06-02,1.715,62
2018-06-03,1.682,90
2018-06-04,1.699,84
2018-06-05,1.74,68
2018-06-06,1.729,62
2018-06-07,1.731,30
2018-06-08,1.677,69
2018-06-09,1.693,59
2018-06-10,1.682,85
2018-06-11,1.663,55
2018-06-12,1.648,38
2018-06-13,1.634,59
2018-06-14,1.599,38
2018-06-15,1.649,54
2018-06-16,1.608,72
2018-06-17,1.643,51
2018-06-18,1.658,76
2018-06-19,1.676,60
2018-06-20,1.691,55
2018-06-21,1.645,62
2018-06-22,1.512,66
2018-06-23,1.431,75
2018-06-24,1.506,61
2018-06-25,1.482,39
2018-06-26,1.487,57
2018-06-27,1.587,69
2018-06-28,1.49,61
2018-06-29,1.516,31
2018-06-30,1.636,57
2018-07-01,1.64,57
2018-07-02,1.634,42
2018-07-03,1.55,74
2018-07-04,1.684,53
2018-07-05,1.653,42
2018-07-06,1.761,58
2018-07-07,1.811,50
2018-07-08,1.799,62
2018-07-09,1.795,88
2018-07-10,1.817,80
2018-07-11,1.779,86
2018-07-12,1.782,69
2018-07-13,1.814,61
2018-07-14,1.835,73
2018-07-15,1.833,97
2018-07-16,1.874,68
2018-07-17,1.876,145
2018-07-18,1.884,78
2018-07-19,1.883,51
2018-07-20,1.86,71
2018-07-21,1.877,77
2018-07-22,1.917,66
2018-07-23,1.879,73
2018-07-24,1.937,96
2018-07-25,1.891,76
2018-07-26,1.974,71
2018-07-27,2.108,60
2018-07-28,2.114,33
2018-07-29,2.163,40
2018-07-30,2.156,55
2018-07-31,2.144,54
2018-08-01,2.017,77
2018-08-02,1.88,72
2018-08-03,1.99,91
2018-08-04,2.068,80
2018-08-05,2.109,72
2018-08-06,2.131,83
2018-08-07,2.122,59
2018-08-08,2.177,57
2018-08-09,2.174,65
2018-08-10,2.121,78
2018-08-11,2.083,66
2018-08-12,2.13,45
2018-08-13,2.08,61
2018-08-14,2.082,52
2018-08-15,2.067,65
2018-08-16,2.091,85
2018-08-17,2.123,73
2018-08-18,2.111,61
2018-08-19,2.021,50
2018-08-20,2.106,56
2018-08-21,2.053,60
2018-08-22,2.048,58
2018-08-23,2.092,47
2018-08-24,2.133,67
2018-08-25,2.095,138
2018-08-26,2.093,63
2018-08-27,2.12,89
2018-08-28,2.112,84
2018-08-29,2.114,60
2018-08-30,2.042,99
2018-08-31,1.975,96
2018-09-01,2.043,87
2018-09-02,1.969,62
2018-09-03,1.991,94
2018-09-04,2.01,60
2018-09-05,2.005,67
2018-09-06,2.036,57
2018-09-07,2.046,74
2018-09-08,2.013,92
2018-09-09,2.021,72
2018-09-10,2.014,66
2018-09-11,2.038,77
2018-09-12,2.038,83
2018-09-13,2.072,80
2018-09-14,2.082,98
2018-09-15,2.107,122
2018-09-16,2.139,101
2018-09-17,2.125,85
2018-09-18,2.132,85
2018-09-19,2.137,70
2018-09-20,2.121,87
2018-09-21,2.14,89
2018-09-22,2.098,97
2018-09-23,1.951,53
2018-09-24,1.848,34
2018-09-25,1.875,19
2018-09-26,1.942,38
2018-09-27,1.94,27
2018-09-28,1.933,27
2018-09-29,2.016,67
2018-09-30,2.04,31
2018-10-01,2.069,31
2018-10-02,2.071,30
2018-10-03,2.047,25
2018-10-04,1.963,23
2018-10-05,2.014,38
2018-10-06,2.051,39
2018-10-07,1.992,27
2018-10-08,2.009,26
2018-10-09,1.855,26
2018-10-10,1.892,33
2018-10-11,1.967,29
2018-10-12,1.992,40
2018-10-13,1.924,32
2018-10-14,1.945,24
2018-10-15,1.886,26
2018-10-16,1.916,29
2018-10-17,1.962,50
2018-10-18,1.913,32
2018-10-19,1.898,25
2018-10-20,1.889,57
2018-10-21,1.905,40
2018-10-22,1.907,52
2018-10-23,1.889,46
2018-10-24,1.899,54
2018-10-25,1.9,27
2018-10-26,1.935,41
2018-10-27,1.934,47
2018-10-28,1.911,51
2018-10-29,1.837,32
2018-10-30,1.92,26
2018-10-31,1.89,39
2018-11-01,1.893,83
2018-11-02,1.884,32
2018-11-03,1.838,43
2018-11-04,1.798,41
2018-11-05,1.884,29
2018-11-06,1.847,55
2018-11-07,1.824,43
2018-11-08,1.846,28
2018-11-09,1.842,43
2018-11-10,1.845,31
2018-11-11,1.777,54
2018-11-12,1.813,37
2018-11-13,1.813,42
2018-11-14,1.789,36
2018-11-15,1.851,86
2018-11-16,1.832,33
2018-11-17,1.748,27
2018-11-18,1.804,32
2018-11-19,1.824,37
2018-11-20,1.882,34
2018-11-21,1.826,33
2018-11-22,1.825,46
2018-11-23,1.849,33
2018-11-24,1.743,40
2018-11-25,1.791,56
2018-11-26,1.816,27
2018-11-27,1.678,30
2018-11-28,1.753,29
2018-11-29,1.754,24
2018-11-30,1.787,39
2018-12-01,1.878,57
2018-12-02,1.868,16
2018-12-03,1.851,42
2018-12-04,1.799,31
2018-12-05,1.856,39
2018-12-06,1.754,35
2018-12-07,1.75,40
2018-12-08,1.881,48
2018-12-09,1.884,39
2018-12-10,1.897,26
2018-12-11,1.907,29
2018-12-12,1.836,41
2018-12-13,1.894,42
2018-12-14,1.939,22
2018-12-15,1.922,44
2018-12-16,1.909,42
2018-12-17,1.865,32
2018-12-18,1.896,34
2018-12-19,1.911,29
2018-12-20,1.926,34
2018-12-21,1.95,51
2018-12-22,1.963,43
2018-12-23,1.94,47
2018-12-24,1.958,37
2018-12-25,2.013,31
2018-12-26,1.976,30
2018-12-27,1.902,50
2018-12-28,1.942,39
2018-12-29,2.023,37
2018-12-30,1.945,35
2018-12-31,1.922,36
2019-01-01,1.9,38
2019-01-02,1.949,46
2019-01-03,1.905,41
2019-01-04,1.975,46
2019-01-05,1.845,91
2019-01-06,1.917,29
2019-01-07,2.083,56
2019-01-08,2.075,36
2019-01-09,2.088,48
2019-01-10,2.064,62
2019-01-11,2.069,33
2019-01-12,2.105,56
2019-01-13,2.04,48
2019-01-14,2.092,28
2019-01-15,2.11,62
2019-01-16,2.153,48
2019-01-17,2.121,29
2019-01-18,2.109,36
2019-01-19,2.162,24
2019-01-20,2.164,38
2019-01-21,2.157,20
2019-01-22,2.188,35
2019-01-23,2.145,25
2019-01-24,2.199,25
2019-01-25,2.216,25
2019-01-26,2.164,42
2019-01-27,2.102,36
2019-01-28,2.106,37
2019-01-29,2.149,34
2019-01-30,2.12,27
2019-01-31,2.046,30
2019-02-01,2.153,34
2019-02-02,2.086,48
2019-02-03,2.131,54
2019-02-04,2.155,27
2019-02-05,2.123,39
2019-02-06,2.131,41
2019-02-07,2.082,61
2019-02-08,2.101,50
2019-02-09,2.067,64
2019-02-10,2.03,47
2019-02-11,1.962,45
2019-02-12,1.995,75
2019-02-13,2.103,28
2019-02-14,2.132,34
2019-02-15,2.153,26
2019-02-16,2.136,38
2019-02-17,2.161,25
2019-02-18,2.162,39
2019-02-19,2.106,38
2019-02-20,2.12,49
2019-02-21,2.134,53
2019-02-22,2.198,35
2019-02-23,2.228,60
2019-02-24,2.876,74
2019-02-25,2.712,35
2019-02-26,2.623,19
2019-02-27,2.648,37
2019-02-28,2.548,32
2019-03-01,2.631,22
2019-03-02,2.36,64
2019-03-03,2.166,52
2019-03-04,1.895,35
2019-03-05,1.922,26
2019-03-06,1.92,28
2019-03-07,2.064,27
2019-03-08,2.049,26
2019-03-09,2.064,30
2019-03-10,2.132,28
2019-03-11,2.253,21
2019-03-12,2.137,43
2019-03-13,2.007,33
2019-03-14,2.192,32
2019-03-15,2.234,25
2019-03-16,2.206,32
2019-03-17,2.16,48
2019-03-18,2.21,34
2019-03-19,2.238,29
2019-03-20,2.236,24
2019-03-21,2.235,32
2019-03-22,2.269,43
2019-03-23,2.295,31
2019-03-24,2.292,24
2019-03-25,2.389,38
2019-03-26,2.391,25
2019-03-27,2.216,24
2019-03-28,2.192,34
2019-03-29,2.049,32
2019-03-30,2.087,32
2019-03-31,2.106,32
2019-04-01,2.219,31
2019-04-02,2.206,24
2019-04-03,2.257,33
2019-04-04,2.17,25
2019-04-05,2.28,31
2019-04-06,2.337,33
2019-04-07,2.483,37
2019-04-08,2.52,40
2019-04-09,2.512,23
2019-04-10,2.586,26
2019-04-11,2.655,25
2019-04-12,2.612,21
2019-04-13,2.598,40
2019-04-14,2.768,37
2019-04-15,2.809,39
2019-04-16,2.882,25
2019-04-17,2.771,34
2019-04-18,2.74,31
2019-04-19,2.834,30
2019-04-20,2.888,17
2019-04-21,2.831,30
2019-04-22,3.09,27
2019-04-23,3.07,20
2019-04-24,3.033,19
2019-04-25,3.044,21
2019-04-26,2.834,26
2019-04-27,2.982,17
2019-04-28,2.86,27
2019-04-29,2.957,22
2019-04-30,2.837,19
2019-05-01,2.766,27
2019-05-02,2.92,30
2019-05-03,2.987,14
2019-05-04,2.713,19
2019-05-05,2.857,16
2019-05-06,2.795,18
2019-05-07,2.8,35
2019-05-08,2.696,22
2019-05-09,2.771,34
2019-05-10,2.83,29
2019-05-11,2.791,48
2019-05-12,2.638,58
2019-05-13,2.542,36
2019-05-14,2.779,28
2019-05-15,2.827,47
2019-05-16,2.833,23
2019-05-17,2.741,34
2019-05-18,2.692,23
2019-05-19,2.65,35
2019-05-20,2.712,29
2019-05-21,2.75,29
2019-05-22,2.863,78
2019-05-23,2.926,12
2019-05-24,2.984,34
2019-05-25,2.98,36
2019-05-26,2.939,13
2019-05-27,3.089,42
2019-05-28,2.992,39
2019-05-29,3.395,44
2019-05-30,3.063,10
2019-05-31,3.021,36
2019-06-01,3.294,22
2019-06-02,3.512,45
2019-06-03,3.518,38
2019-06-04,3.517,45
2019-06-05,3.585,50
2019-06-06,3.49,20
2019-06-07,3.471,24
2019-06-08,3.447,22
2019-06-09,3.562,21
2019-06-10,3.415,21
2019-06-11,3.572,36
2019-06-12,3.645,16
2019-06-13,3.392,16
2019-06-14,3.603,25
2019-06-15,3.551,17
2019-06-16,3.338,14
2019-06-17,3.472,17
2019-06-18,3.413,22
2019-06-19,3.42,11
2019-06-20,3.59,27
2019-06-21,3.512,32
2019-06-22,3.605,26
2019-06-23,3.554,18
2019-06-24,3.436,17
2019-06-25,3.445,19
2019-06-26,3.416,18
2019-06-27,3.175,23
2019-06-28,3.177,20
2019-06-29,3.406,117
2019-06-30,3.567,35
2019-07-01,3.392,29
2019-07-02,3.506,36
2019-07-03,3.652,32
2019-07-04,3.824,65
2019-07-05,4.004,9
2019-07-06,3.811,33
2019-07-07,3.917,24
2019-07-08,3.983,23
2019-07-09,4.039,18
2019-07-10,3.983,13
2019-07-11,3.694,17
2019-07-12,3.766,25
2019-07-13,3.839,32
2019-07-14,3.906,32
2019-07-15,3.883,19
2019-07-16,3.909,21
2019-07-17,3.897,7
2019-07-18,3.674,20
2019-07-19,3.985,46
2019-07-20,3.898,17
2019-07-21,3.926,26
2019-07-22,3.838,23
2019-07-23,3.869,21
2019-07-24,3.837,34
2019-07-25,3.891,24
2019-07-26,3.936,34
2019-07-27,3.909,19
2019-07-28,3.922,27
2019-07-29,3.898,201
2019-07-30,4.087,24
2019-07-31,4.249,34
2019-08-01,4.203,35
2019-08-02,4.378,66
2019-08-03,4.98,102
2019-08-04,5.432,25
2019-08-05,5.473,30
2019-08-06,5.455,40
2019-08-07,5.481,36
2019-08-08,5.43,13
2019-08-09,5.198,46
2019-08-10,5.155,34
2019-08-11,5.194,29
2019-08-12,5.125,47
2019-08-13,5.308,35
2019-08-14,4.609,22
2019-08-15,4.543,38
2019-08-16,4.032,28
2019-08-17,4.283,14
2019-08-18,4.224,20
2019-08-19,4.191,32
2019-08-20,4.14,28
2019-08-21,4.195,27
2019-08-22,4.033,22
2019-08-23,4.04,25
2019-08-24,4.304,59
2019-08-25,4.145,9
2019-08-26,4.44,6
2019-08-27,4.477,16
2019-08-28,4.187,11
2019-08-29,4.097,12
2019-08-30,4.369,11
2019-08-31,4.213,14
2019-09-01,4.401,15
2019-09-02,4.25,10
2019-09-03,4.182,13
2019-09-04,4.135,14
2019-09-05,4.257,47
2019-09-06,4.592,21
2019-09-07,4.56,14
2019-09-08,4.194,39
2019-09-09,4.076,16
2019-09-10,4.028,21
2019-09-11,4.368,53
2019-09-12,4.166,7
2019-09-13,4.029,20
2019-09-14,4.201,4
2019-09-15,4.125,21
2019-09-16,4.414,4
2019-09-17,4.155,7
2019-09-18,4.129,11
2019-09-19,4.012,22
2019-09-20,4.11,12
2019-09-21,4.003,11
2019-09-22,4.032,15
2019-09-23,4.15,12
2019-09-24,4.072,9
2019-09-25,3.909,16
2019-09-26,3.894,4
2019-09-27,4.012,10
2019-09-28,4.359,62
2019-09-29,4.897,28
2019-09-30,5.981,47
2019-10-01,4.915,12
2019-10-02,4.423,16
2019-10-03,4.918,27
2019-10-04,5.069,27
2019-10-05,4.62,14
2019-10-06,4.49,7
2019-10-07,4.557,6
2019-10-08,4.595,8
2019-10-09,4.551,13
2019-10-10,4.67,16
2019-10-11,4.93,18
2019-10-12,5.23,16
2019-10-13,5.087,8
2019-10-14,5.267,17
2019-10-15,4.855,3
2019-10-16,4.86,19
2019-10-17,4.762,7
2019-10-18,4.543,28
2019-10-19,4.728,27
2019-10-20,4.751,19
2019-10-21,4.389,15
2019-10-22,4.082,22
2019-10-23,4.39,22
2019-10-24,4.049,8
2019-10-25,3.946,17
2019-10-26,3.826,25
2019-10-27,4.145,7
2019-10-28,4.141,12
2019-10-29,4.12,12
2019-10-30,3.832,11
2019-10-31,4.101,13
2019-11-01,4.258,23
2019-11-02,4.288,21
2019-11-03,4.147,17
2019-11-04,4.371,26
2019-11-05,4.382,12
2019-11-06,4.294,9
2019-11-07,4.398,18
2019-11-08,4.114,13
2019-11-09,4.434,11
2019-11-10,4.468,5
2019-11-11,4.324,13
2019-11-12,4.302,24
2019-11-13,4.208,7
2019-11-14,4.347,46
2019-11-15,4.289,15
2019-11-16,4.297,7
2019-11-17,4.192,9
2019-11-18,4.194,10
2019-11-19,3.851,36
2019-11-20,3.067,17
2019-11-21,3.015,10
2019-11-22,3.006,26
2019-11-23,3.165,13
2019-11-24,3.19,19
2019-11-25,3.009,12
2019-11-26,3.133,14
2019-11-27,3.315,20
2019-11-28,3.109,12
2019-11-29,3.56,20
2019-11-30,3.516,14
2019-12-01,3.292,17
2019-12-02,3.245,13
2019-12-03,3.328,13
2019-12-04,2.964,10
2019-12-05,3.281,9
2019-12-06,3.296,22
2019-12-07,3.679,31
2019-12-08,3.859,9
2019-12-09,3.903,7
2019-12-10,4.024,10
2019-12-11,3.738,9
2019-12-12,3.87,16
2019-12-13,4.005,25
2019-12-14,4.046,24
2019-12-15,3.973,31
2019-12-16,4.155,27
2019-12-17,4.172,22
2019-12-18,4.039,13
2019-12-19,3.989,16
2019-12-20,4.049,35
2019-12-21,3.833,15
2019-12-22,3.96,22
2019-12-23,3.967,16
2019-12-24,3.969,27
2019-12-25,3.922,50
2019-12-26,4.091,36
2019-12-27,3.982,9
2019-12-28,4.16,16
2019-12-29,4.064,11
2019-12-30,4.108,9
2019-12-31,3.883,11
2020-01-01,3.828,17
2020-01-02,3.936,17
2020-01-03,3.993,24
2020-01-04,3.93,11
2020-01-05,3.98,36
2020-01-06,4.156,14
2020-01-07,4.33,15
2020-01-08,4.237,16
2020-01-09,4.189,15
2020-01-10,4.32,11
2020-01-11,4.489,14
2020-01-12,4.251,8
2020-01-13,4.398,15
2020-01-14,4.451,14
2020-01-15,5.033,66
2020-01-16,9.082,104
2020-01-17,11.343,100
2020-01-18,11.08,58
2020-01-19,13.515,97
2020-01-20,11.463,57
2020-01-21,12.914,22
2020-01-22,12.736,15
2020-01-23,10.699,18
2020-01-24,11.119,40
2020-01-25,9.586,18
2020-01-26,6.155,13
2020-01-27,6.153,17
2020-01-28,5.87,28
2020-01-29,5.569,14
2020-01-30,5.462,27
2020-01-31,5.554,13
2020-02-01,5.56,18
2020-02-02,5.293,12
2020-02-03,5.501,17
2020-02-04,5.671,25
2020-02-05,5.809,18
2020-02-06,6.093,16
2020-02-07,5.885,9
2020-02-08,5.824,22
2020-02-09,5.935,18
2020-02-10,6.168,12
2020-02-11,6.115,24
2020-02-12,5.69,9
2020-02-13,6.31,20
2020-02-14,5.913,12
2020-02-15,5.806,29
2020-02-16,6.155,59
2020-02-17,6.172,15
2020-02-18,5.956,15
2020-02-19,6.201,14
2020-02-20,6.252,13
2020-02-21,6.173,20
2020-02-22,5.86,12
2020-02-23,6.184,22
2020-02-24,6.27,38
2020-02-25,6.377,19
2020-02-26,6.12,8
2020-02-27,6.33,18
2020-02-28,6.228,7
2020-02-29,6.049,37
2020-03-01,8.003,107
2020-03-02,7.885,41
2020-03-03,7.059,5
2020-03-04,7.381,26
2020-03-05,7.105,37
2020-03-06,7.158,60
2020-03-07,7.774,96
2020-03-08,7.445,65
2020-03-09,6.681,10
2020-03-10,6.53,10
2020-03-11,6.336,19
2020-03-12,6.516,20
2020-03-13,6.491,16
2020-03-14,6.086,16
2020-03-15,5.845,31
2020-03-16,5.583,10
2020-03-17,5.375,15
2020-03-18,5.519,21
2020-03-19,5.687,13
2020-03-20,5.636,18
2020-03-21,5.89,30
2020-03-22,5.786,14
2020-03-23,5.618,17
2020-03-24,5.513,17
2020-03-25,5.536,18
2020-03-26,5.429,23
2020-03-27,5.586,19
2020-03-28,5.462,15
2020-03-29,5.629,48
2020-03-30,5.51,32
2020-03-31,5.355,33
2020-04-01,5.227,33
2020-04-02,5.481,40
2020-04-03,5.53,34
2020-04-04,5.413,23
2020-04-05,5.314,30
2020-04-06,5.698,32
2020-04-07,5.715,14
2020-04-08,5.756,31
2020-04-09,5.611,41
2020-04-10,5.662,38
2020-04-11,5.936,29
2020-04-12,5.777,33
2020-04-13,5.776,26
2020-04-14,5.841,31
2020-04-15,5.922,28
2020-04-16,5.889,30
2020-04-17,5.795,23
2020-04-18,5.864,32
2020-04-19,5.663,21
2020-04-20,5.957,42
2020-04-21,6.12,55
2020-04-22,5.885,32
2020-04-23,6.329,18
2020-04-24,6.356,42
2020-04-25,6.54,24
2020-04-26,6.185,24
2020-04-27,6.281,19
2020-04-28,6.313,24
2020-04-29,6.295,16
2020-04-30,6.351,17
2020-05-01,6.356,27
2020-05-02,6.885,32
2020-05-03,6.548,13
2020-05-04,6.44,19
2020-05-05,6.562,11
2020-05-06,6.589,6
2020-05-07,6.431,9
2020-05-08,6.923,17
2020-05-09,7.039,16
2020-05-10,6.624,17
2020-05-11,6.515,18
2020-05-12,6.562,9
2020-05-13,6.515,22
2020-05-14,6.49,20
2020-05-15,6.669,15
2020-05-16,7.183,17
2020-05-17,7.185,22
2020-05-18,7.096,14
2020-05-19,6.963,15
2020-05-20,6.946,12
2020-05-21,7.128,6
2020-05-22,6.822,16
2020-05-23,7.056,10
2020-05-24,7.091,21
2020-05-25,7.033,40
2020-05-26,6.666,14
2020-05-27,6.88,15
2020-05-28,6.83,12
2020-05-29,6.431,24
2020-05-30,7.146,23
2020-05-31,6.871,8
2020-06-01,6.964,15
2020-06-02,7.135,30
2020-06-03,7.123,19
2020-06-04,7.325,19
2020-06-05,7.176,26
2020-06-06,7.335,13
2020-06-07,7.705,23
2020-06-08,8.194,21
2020-06-09,8.021,17
2020-06-10,7.969,18
2020-06-11,8.065,6
2020-06-12,7.605,16
2020-06-13,7.921,5
2020-06-14,8.21,5
2020-06-15,7.753,26
2020-06-16,7.819,13
2020-06-17,7.561,12
2020-06-18,7.798,16
2020-06-19,7.491,19
2020-06-20,8.011,28
2020-06-21,8.228,12
2020-06-22,7.986,16
2020-06-23,8.589,11
2020-06-24,8.883,11
2020-06-25,8.105,9
2020-06-26,7.494,19
2020-06-27,7.547,21
2020-06-28,6.744,13
2020-06-29,7.328,16
2020-06-30,6.932,15
2020-07-01,7.479,16
2020-07-02,7.739,19
2020-07-03,7.933,25
2020-07-04,8.246,44
2020-07-05,9.505,24
2020-07-06,8.776,11
2020-07-07,8.831,30
2020-07-08,9.692,20
2020-07-09,9.429,8
2020-07-10,9.597,13
2020-07-11,9.931,7
2020-07-12,9.709,15
2020-07-13,9.218,12
2020-07-14,9.656,12
2020-07-15,9.98,14
2020-07-16,10.3,24
2020-07-17,10.744,26
2020-07-18,10.392,10
2020-07-19,10.862,29
2020-07-20,11.79,187
2020-07-21,10.828,10
2020-07-22,11.369,10
2020-07-23,14.339,87
2020-07-24,17.539,32
2020-07-25,19.449,68
2020-07-26,19.44,64
2020-07-27,21.347,32
2020-07-28,22.762,36
2020-07-29,21.455,50
2020-07-30,18.506,36
2020-07-31,15.463,21
2020-08-01,14.169,11
2020-08-02,14.13,11
2020-08-03,13.371,26
2020-08-04,12.978,23
2020-08-05,12.935,14
2020-08-06,13.896,29
2020-08-07,13.554,6
2020-08-08,12.378,6
2020-08-09,13.623,13
2020-08-10,13.617,18
2020-08-11,12.453,19
2020-08-12,12.881,16
2020-08-13,12.847,6
2020-08-14,11.97,10
2020-08-15,12.024,13
2020-08-16,11.67,12
2020-08-17,11.332,6
2020-08-18,11.836,20
2020-08-19,10.508,21
2020-08-20,11.874,9
2020-08-21,11.919,7
2020-08-22,11.514,15
2020-08-23,11.242,17
2020-08-24,11.41,12
2020-08-25,11.032,22
2020-08-26,11.536,7
2020-08-27,11.624,9
2020-08-28,11.492,9
2020-08-29,11.251,12
2020-08-30,11.591,11
2020-08-31,11.081,17
2020-09-01,12.156,11
2020-09-02,12.534,5
2020-09-03,11.37,8
2020-09-04,11.534,10
2020-09-05,11.565,9
2020-09-06,10.812,4
2020-09-07,9.212,7
2020-09-08,11.339,7
2020-09-09,11.232,13
2020-09-10,10.903,15
2020-09-11,11.603,7
2020-09-12,10.049,9
2020-09-13,10.805,18
2020-09-14,10.118,4
2020-09-15,10.387,16
2020-09-16,11.906,9
2020-09-17,10.522,9
2020-09-18,10.563,15
2020-09-19,11.002,6
2020-09-20,11.147,15
2020-09-21,10.993,16
2020-09-22,10.923,23
2020-09-23,11.523,11
2020-09-24,11.555,17
2020-09-25,12.035,8
2020-09-26,12.06,6
2020-09-27,12.273,11
2020-09-28,12.017,3
2020-09-29,10.513,10
2020-09-30,10.756,11
2020-10-01,11.51,8
2020-10-02,11.256,14
2020-10-03,11.254,15
2020-10-04,12.423,18
2020-10-05,11.396,9
2020-10-06,12.056,15
2020-10-07,11.104,8
2020-10-08,12.373,13
2020-10-09,12.628,9
2020-10-10,12.313,12
2020-10-11,11.065,5
2020-10-12,11.902,11
2020-10-13,11.209,15
2020-10-14,13.158,16
2020-10-15,13.796,5
2020-10-16,13.072,6
2020-10-17,13.1,3
2020-10-18,12.344,4
2020-10-19,11.592,10
2020-10-20,11.854,15
2020-10-21,10.902,7
2020-10-22,11.17,19
2020-10-23,11.368,7
2020-10-24,11.517,8
2020-10-25,10.852,15
2020-10-26,12.257,2
2020-10-27,11.342,10
2020-10-28,12.062,16
2020-10-29,12.044,23
2020-10-30,12.32,26
2020-10-31,11.692,13
2020-11-01,12.921,6
2020-11-02,12.611,10
2020-11-03,12.768,13
2020-11-04,7.746,5
2020-11-05,10.151,6
2020-11-06,11.638,6
2020-11-07,11.827,10
2020-11-08,11.723,7
2020-11-09,11.433,7
2020-11-10,11.49,10
2020-11-11,11.076,13
2020-11-12,11.354,2
2020-11-13,11.4,4
2020-11-14,11.405,8
2020-11-15,11.746,8
2020-11-16,11.632,8
2020-11-17,11.939,8
2020-11-18,11.572,11
2020-11-19,11.613,18
2020-11-20,11.848,10
2020-11-21,12.113,9
2020-11-22,11.976,11
2020-11-23,11.511,2
2020-11-24,11.82,7
2020-11-25,11.928,14
2020-11-26,10.781,7
2020-11-27,11.166,9
2020-11-28,10.127,5
2020-11-29,9.91,20
2020-11-30,9.605,7
2020-12-01,9.26,12
2020-12-02,10.481,19
2020-12-03,11.064,14
2020-12-04,8.408,29
2020-12-05,8.866,11
2020-12-06,9.176,10
2020-12-07,9.512,8
2020-12-08,9.121,9
2020-12-09,9.098,20
2020-12-10,8.5,12
2020-12-11,8.703,27
2020-12-12,9.189,15
2020-12-13,9.196,8
2020-12-14,9.328,13
2020-12-15,9.311,28
2020-12-16,9.512,11
2020-12-17,9.988,11
2020-12-18,9.914,22
2020-12-19,10.918,40
2020-12-20,10.414,5
2020-12-21,10.779,8
2020-12-22,11.028,8
2020-12-23,10.46,5
2020-12-24,10.746,12
2020-12-25,10.435,6
2020-12-26,10.044,12
2020-12-27,10.705,11
2020-12-28,10.763,14
2020-12-29,10.845,13
2020-12-30,11.409,6
2020-12-31,11.085,8
2021-01-01,10.549,8
2021-01-02,10.995,11
2021-01-03,11.306,21
2021-01-04,11.56,12
2021-01-05,11.631,16
2021-01-06,12.107,11
2021-01-07,12.034,3
2021-01-08,12.316,2
2021-01-09,12.212,4
2021-01-10,12.314,7
2021-01-11,12.493,9
2021-01-12,13.08,12
2021-01-13,13.029,7
2021-01-14,12.884,6
2021-01-15,13.001,4
2021-01-16,13.077,4
2021-01-17,13.62,9
2021-01-18,12.088,2
2021-01-19,11.615,11
2021-01-20,13.005,5
2021-01-21,12.721,4
2021-01-22,13.203,11
2021-01-23,13.421,10
2021-01-24,12.436,13
2021-01-25,13.538,6
2021-01-26,13.732,8
2021-01-27,13.06,7
2021-01-28,11.91,31
2021-01-29,12.12,5
2021-01-30,11.811,10
2021-01-31,12.257,4
2021-02-01,12.029,4
2021-02-02,12.046,5
2021-02-03,10.504,6
2021-02-04,11.256,9
2021-02-05,11.479,9
2021-02-06,10.96,8
2021-02-07,10.879,7
2021-02-08,10.628,8
2021-02-09,9.724,10
2021-02-10,9.943,2
2021-02-11,8.6,4
2021-02-12,9.299,9
2021-02-13,8.147,5
2021-02-14,9.122,12
2021-02-15,9.282,4
2021-02-16,9.786,7
2021-02-17,10.576,4
2021-02-18,10.185,2
2021-02-19,10.181,11
2021-02-20,10.639,15
2021-02-21,10.552,3
2021-02-22,11.365,7
2021-02-23,10.198,5
2021-02-24,10.49,5
2021-02-25,9.444,7
2021-02-26,10.345,5
2021-02-27,10.568,20
2021-02-28,10.945,19
2021-03-01,11.054,11
2021-03-02,10.733,10
2021-03-03,10.79,7
2021-03-04,11.105,26
2021-03-05,11.211,12
2021-03-06,11.038,5
2021-03-07,10.489,6
2021-03-08,10.28,5
2021-03-09,10.343,12
2021-03-10,10.747,6
2021-03-11,10.811,27
2021-03-12,10.28,74
2021-03-13,8.465,33
2021-03-14,9.764,11
2021-03-15,10.164,8
2021-03-16,10.075,6
2021-03-17,9.606,11
2021-03-18,9.973,20
2021-03-19,10.287,15
2021-03-20,10.258,4
2021-03-21,10.124,7
2021-03-22,10.122,20
2021-03-23,9.459,4
2021-03-24,9.405,19
2021-03-25,9.407,4
2021-03-26,10.233,15
2021-03-27,10.381,10
2021-03-28,10.636,7
2021-03-29,10.466,7
2021-03-30,10.425,9
2021-03-31,10.111,16
2021-04-01,9.277,14
2021-04-02,10.423,16
2021-04-03,10.578,9
2021-04-04,10.375,6
2021-04-05,10.727,7
2021-04-06,10.904,10
2021-04-07,10.512,7
2021-04-08,9.529,16
2021-04-09,9.452,20
2021-04-10,8.846,23
2021-04-11,8.806,17
2021-04-12,8.146,2
2021-04-13,8.201,8
2021-04-14,8.003,2
2021-04-15,8.466,9
2021-04-16,9.027,7
2021-04-17,9.071,3
2021-04-18,8.542,4
2021-04-19,8.384,7
2021-04-20,8.515,7
2021-04-21,8.604,8
2021-04-22,7.732,8
2021-04-23,7.451,3
2021-04-24,7.952,11
2021-04-25,8.282,6
2021-04-26,8.384,4
2021-04-27,7.601,10
2021-04-28,7.145,3
2021-04-29,7.422,11
2021-04-30,7.84,4
2021-05-01,7.329,12
2021-05-02,7.479,20
2021-05-03,8.543,12
2021-05-04,9.308,4
2021-05-05,9.099,11
2021-05-06,9.253,11
2021-05-07,8.436,7
2021-05-08,8.951,9
2021-05-09,8.949,11
2021-05-10,9.0,8
2021-05-10,9.918,1
2021-05-11,8.521,1
2021-05-11,7.933,2
2021-05-11,8.712,1
2021-05-11,8.712,1
2021-05-11,9.361,1
2021-05-11,9.48,1
2021-05-12,9.531,1
2021-05-12,9.362,1
2021-05-12,8.46,1
2021-05-12,9.476,1
2021-05-13,3.891,1
2021-05-13,9.248,2
2021-05-13,8.676,1
2021-05-13,8.686,2
2021-05-13,8.676,1
2021-05-13,8.67,1
2021-05-13,8.942,2
2021-05-14,8.781,1
2021-05-14,9.36,2
2021-05-14,9.444,1
2021-05-14,9.36,1
2021-05-14,9.142,1
2021-05-14,7.649,1
2021-05-14,8.553,2
2021-05-14,9.042,2
2021-05-14,9.255,4
2021-05-15,8.544,3
2021-05-15,4.222,4
2021-05-15,8.797,1
2021-05-15,8.823,1
2021-05-15,8.858,1
2021-05-15,9.33,1
2021-05-15,9.398,1
2021-05-16,8.371,1
2021-05-16,8.297,1
2021-05-16,8.003,1
2021-05-17,8.648,1
2021-05-17,8.649,1
2021-05-17,8.334,2
2021-05-17,8.627,5
2021-05-17,8.4805,8
2021-05-17,8.499,2
2021-05-17,8.683,3
2021-05-17,9.396,1
2021-05-17,9.141,5
2021-05-17,9.396,1
2021-05-17,9.449,1
2021-05-17,9.472,1
2021-05-17,8.95,1
2021-05-18,8.958,1
2021-05-18,9.46,1
2021-05-18,8.958,1
2021-05-18,9.432,1
2021-05-18,8.97,1
2021-05-19,9.123,2
2021-05-19,9.178,1
2021-05-19,9.242,1
2021-05-19,9.414,1
2021-05-19,9.479,2
2021-05-20,9.243,2
2021-05-20,9.21,2
2021-05-20,9.49,8
2021-05-20,9.37,2
2021-05-20,9.874,3
2021-05-20,9.861,1
2021-05-20,9.879,1
2021-05-20,9.398,3
2021-05-21,9.435,2
2021-05-21,9.361,1
2021-05-21,9.875,5
2021-05-21,9.947,1
2021-05-21,9.947,3
2021-05-21,9.875,1
2021-05-21,9.692,1
2021-05-21,9.986,2
2021-05-22,9.852,2
2021-05-22,9.912,3
2021-05-22,9.765,1
2021-05-22,9.97,1
2021-05-22,9.964,1
2021-05-22,9.949,4
2021-05-22,9.802,1
2021-05-22,9.949,3
2021-05-22,9.006,1
2021-05-22,9.966,1
2021-05-22,10.18,1
2021-05-23,10.169,1
2021-05-23,10.198,4
2021-05-23,10.471,1
2021-05-23,10.5755,4
2021-05-23,10.339,1
2021-05-24,10.48,1
2021-05-24,9.765,1
2021-05-24,9.765,1
2021-05-24,9.765,3
2021-05-24,9.004,1
2021-05-24,9.802,2
2021-05-24,10.383,1
2021-05-25,10.316,1
2021-05-25,9.793,1
2021-05-25,9.795,1
2021-05-25,9.802,1
2021-05-25,9.793,1
2021-05-25,9.795,1
2021-05-26,10.072,2
2021-05-26,10.0,1
2021-05-26,9.508,1
2021-05-27,9.508,1
2021-05-27,9.545,1
2021-05-27,9.582,1
2021-05-27,10.11,1
2021-05-27,9.618,10
2021-05-28,9.545,1
2021-05-28,10.022,4
2021-05-28,10.022,1
2021-05-28,9.618,1
2021-05-28,10.022,2
2021-05-28,10.077,5
2021-05-28,9.472,1
2021-05-28,10.074,1
2021-05-28,10.132,3
2021-05-29,10.485,2
2021-05-29,9.729,1
2021-05-29,10.169,1
2021-05-29,9.972,1
2021-05-29,9.692,1
2021-05-29,9.545,2
2021-05-29,10.324,1
2021-05-30,10.475,1
2021-05-30,9.545,1
2021-05-30,9.449,1
2021-05-30,9.439,1
2021-05-31,9.227,1
2021-05-31,9.436,4
2021-05-31,9.224,2
2021-05-31,9.479,2
2021-06-01,9.098,1
2021-06-01,9.551,1
2021-06-01,9.539,1
2021-06-02,8.97,1
2021-06-03,8.627,1
2021-06-03,8.958,3
2021-06-03,8.799,1
2021-06-03,9.238,1
2021-06-03,9.249,1
2021-06-03,8.774,1
2021-06-03,9.406,2
2021-06-03,9.725,1
2021-06-04,9.271,2
2021-06-04,9.86,1
2021-06-04,9.879,1
2021-06-04,9.866,1
2021-06-04,9.091,1
2021-06-05,8.981,1
2021-06-05,8.591,1
2021-06-05,9.802,1
2021-06-05,9.076,1
2021-06-05,9.458,1
2021-06-05,6.241,1
2021-06-05,9.141,1
2021-06-06,9.141,1
2021-06-06,9.473,1
2021-06-06,9.478,1
2021-06-06,9.491,1
2021-06-06,9.0,1
2021-06-06,9.562,1
2021-06-06,9.24,1
2021-06-06,9.241,3
2021-06-06,9.609,1
2021-06-06,9.922,3
2021-06-06,9.609,1
2021-06-07,9.606,1
2021-06-07,9.607,1
2021-06-07,9.556,1
2021-06-07,9.279,1
2021-06-07,9.633,2
2021-06-07,8.847,5
2021-06-08,8.736,1
2021-06-08,8.76,1
2021-06-08,8.892,1
2021-06-09,7.707,1
2021-06-09,8.758,1
2021-06-09,9.361,1
2021-06-09,9.383,4
2021-06-09,8.737,1
2021-06-09,9.338,2
2021-06-09,9.37,1
2021-06-09,9.607,1
2021-06-10,8.96,2
